{
  "project_info": {
    "project_number": "800269833285",
    "project_id": "praktikum-firebase-3ad75",
    "storage_bucket": "praktikum-firebase-3ad75.appspot.com"
  },
  "client": [
    {
      "client_info": {
        "mobilesdk_app_id": "1:800269833285:android:48dd95bbe67122523bff2c",
        "android_client_info": {
          "package_name": "com.example.aplikasifirebase"
        }
      },
      "oauth_client": [
        {
          "client_id": "800269833285-8m4ona4j12dulk77u194irg00g0b1dl4.apps.googleusercontent.com",
          "client_type": 3
        }
      ],
      "api_key": [
        {
          "current_key": "AIzaSyCmXmqa8CusAmFeBo7uQ4bbdhz0fXdFzQ8"
        }
      ],
      "services": {
        "appinvite_service": {
          "other_platform_oauth_client": [
            {
              "client_id": "800269833285-8m4ona4j12dulk77u194irg00g0b1dl4.apps.googleusercontent.com",
              "client_type": 3
            }
          ]
        }
      }
    }
  ],
  "configuration_version": "1"
}